[Header],,,,,,,,,
IEMFileVersion,5,,,,,,,,
Investigator Name,Andressa,,,,,,,,
Experiment Name,EW_23_09_29,,,,,,,,
Date,9/29/2023,,,,,,,,
Workflow,GenerateFASTQ,,,,,,,,
Application,NextSeq FASTQ Only,,,,,,,,
Instrument Type,NextSeq/MiniSeq,,,,,,,,
Assay,IDT,,,,,,,,
"Index Adapters,""Nextera Index Kit (96 Indexes 384 Samples)""",,,,,,,,,
Chemistry,Amplicon,,,,,,,,
,,,,,,,,,
[Reads],,,,,,,,,
32,,,,,,,,,
,,,,,,,,,
[Settings],,,,,,,,,
Adapter,CTGTCTCTTATACACATCT,,,,,,,,
,,,,,,,,,
[Data],,,,,,,,,
Sample_ID,Sample_Name,Sample_Plate,Sample_Well,I7_Index_ID,index,I5_Index_ID,index2,Sample_Project,Description
IL-139_HiChIP-H3K4me3,IL-139_HiChIP-H3K4me3,,,i7D701,ATTACTCG,i5D507,ACGTCCTG,,
IL-120_HiChIP-H3K4me3,IL-120_HiChIP-H3K4me3,,,i7D702,TCCGGAGA,i5D508,GTCAGTAC,,
T16_HiC,T16_HiC,,,i7D704,GAGATTCC,i5D501,AGGCTATA,,
M16_HiC,M16_HiC,,,i7D706,GAATTCGT,i5D501,AGGCTATA,,
N16_HiC,N16_HiC,,,i7D705,ATTCAGAA,i5D501,AGGCTATA,,
T17_HiC,T17_HiC,,,i7D707,CTGAAGCT,i5D501,AGGCTATA,,
M17_HiC,M17_HiC,,,i7D709,CGGCTATG,i5D501,AGGCTATA,,
N17_HiC,N17_HiC,,,i7D708,TAATGCGC,i5D501,AGGCTATA,,
T2_HiC,T2_HiC,,,i7D701,ATTACTCG,i5D502,GCCTCTAT,,
M2_HiC,M2_HiC,,,i7D703,CGCTCATT,i5D502,GCCTCTAT,,
N2_HiC,N2_HiC,,,i7D702,TCCGGAGA,i5D502,GCCTCTAT,,
M18_HiC,M18_HiC,,,i7D706,GAATTCGT,i5D502,GCCTCTAT,,
N18_HiC,N18_HiC,,,i7D705,ATTCAGAA,i5D502,GCCTCTAT,,
M25_HiC,M25_HiC,,,i7D708,TAATGCGC,i5D502,GCCTCTAT,,
N25_HiC,N25_HiC,,,i7D707,CTGAAGCT,i5D502,GCCTCTAT,,
Kd1_H3K27ac,Kd1_H3K27ac,,,HawkLab_i7-10,CAGCCTCG,HawkLab_i5-9,CTTAGAAG,,
Bc6_H3K27ac,Bc6_H3K27ac,,,[H/N]706,TAGGCATG,[E/H/N/S]505,CTCCTTAC,,
Bc7_H3K4me1,Bc7_H3K4me1,,,[H/N]707,CTCTCTAC,[E/H/N/S]505,CTCCTTAC,,
